climate,region_id,rows,division02_weighted_total,alcohol_021_weighted_total,tobacco_022_weighted_total,alcohol_fraction_of_division02,tobacco_fraction_of_division02
1,cuyo,98,18764896.1025,8883606.6125,9881289.49,0.4734162429663790886955165330,0.5265837570336209113044834670
1,gran_buenos_aires,77,78365015.48,26592002.20,51773013.28,0.3393351234236239316314877604,0.6606648765763760683685122396
1,noreste,182,30017798.2203,18902696.8803,11115101.34,0.6297163016945313156113166985,0.3702836983054686843886833015
1,noroeste,181,24970776.7632,7967217.4932,17003559.27,0.3190616603061170727882645717,0.6809383396938829272117354283
1,pampeana,277,145712026.6658,45329692.9558,100382333.71,0.3110909510562679623076326637,0.6889090489437320376923673363
1,patagonia,160,34851864.1288,18775829.8288,16076034.30,0.5387324408075063538636895181,0.4612675591924936461363104819
2,cuyo,551,125239582.3764,48355147.6114,76884434.765,0.3861011566301101567428302100,0.6138988433698898432571697900
2,gran_buenos_aires,679,695101548.7583,246127798.5843,448973750.174,0.3540889802705407386905272118,0.6459110197294592613094727882
2,noreste,633,103384921.9387,53104511.6187,50280410.32,0.5136581875081092279031471888,0.4863418124918907720968528112
2,noroeste,797,111122530.0105,38737303.4185,72385226.592,0.3485999051213079921436837884,0.6514000948786920078563162116
2,pampeana,1410,730950589.5443,310858008.6503,420092580.8940,0.4252790997050836031688634357,0.5747209002949163968311365643
2,patagonia,634,132641968.6030,64059934.2930,68582034.31,0.4829537360436245726216485472,0.5170462639563754273783514528
