region_id,variant,households,division_01_share,division_02_share,division_03_share,division_04_share,division_05_share,division_06_share,division_07_share,division_08_share,division_09_share,division_10_share,division_11_share,division_12_share,food_share_div01_plus_div02,ice_div01_plus_div02
gran_buenos_aires,equal_group_average,1474,0.3194956212570182896584669936,0.02204057589309656132620938915,0.0621910235408523394289185190,0.1484201891979435690720619644,0.04696555868727798105191250762,0.06033685026167781653772610265,0.1205792589830933757412331028,0.0609171407220490127291076617,0.06268730303757753215744317475,0.01332385400653942480825449916,0.04495575377507572450042140828,0.03808687063779837601984325467,0.3415361971501148509846763828,2.927947340118891179628240319
gran_buenos_aires,pooled_low_very_low,1474,0.2908285440700095095469468154,0.02221676924665598844737387811,0.06751516178111989701937783644,0.1474631677612417606007662223,0.04500461276038795277516421712,0.05791699170328173301607571645,0.1298820667798198214891169902,0.05896258849831816455230670327,0.06415032062614555466351798061,0.01864867224924941287843142629,0.05689456419520334765341091777,0.04051654032856685822984801122,0.3130453133166654979943206935,3.194425718772654452612716651
pampeana,equal_group_average,2506,0.3076981186930619879292855957,0.02817996929928945822524586528,0.0723387301504168937340944070,0.1377167124190832572260455332,0.0512707885175641683575939330,0.07848504214276936629863488695,0.1141495533108006992393065439,0.04808604747602380915583430275,0.07775764878052797755921269035,0.00543956717568904769276727023,0.04122722126766711520416488842,0.03765060076710622201081694749,0.3358780879923514461545314610,2.977270729321204828002208417
pampeana,pooled_low_very_low,2506,0.2874694053247462312592820830,0.02620425738234796599545045185,0.07617939267737094262238562408,0.1374509479850791290814678308,0.04826277808376562509231586081,0.07027120598132578522323116425,0.1268369475179145297902612929,0.05137829649256187551342900710,0.08063570410616275071034090624,0.007636178662624007050387053812,0.04916986612625385324471774866,0.03850501965984730295147778433,0.3136736627070941972547325348,3.188026662390815733614516656
noroeste,equal_group_average,2163,0.3956813920696332173946446948,0.01754757798739732616664500348,0.0703257804022841156670026234,0.1179447728674331024628961758,0.04886403409880327677960896673,0.04679490229410890898430682931,0.1116059330710210823776045457,0.04219586704166899221097039017,0.0609431188586430941431738999,0.00824261051144972339089430449,0.05462908088301531179516182615,0.02522492991454184757589687281,0.4132289700570305435612896983,2.419965860239634291832853923
noroeste,pooled_low_very_low,2163,0.3697069468893377506303141456,0.01646684147809673077395127008,0.07639334239853670814196386385,0.1147159257409577802606661778,0.04555155966471333598617034216,0.04654834780919025321071343796,0.1221745194542167139061483067,0.04624533377065135489214455535,0.06377036608489922609810297731,0.01113339176778178932489080096,0.06026378420402574791341008898,0.02702964073759260550351462274,0.3861737883674344814042654157,2.589507703843756427470989418
noreste,equal_group_average,1560,0.3807032336039874439086014826,0.02159397079837136809415241198,0.0642612781293568402035488037,0.1361983920172643527513766224,0.06617551903388561393029962235,0.03992484682251472286384823374,0.1042552851965059035507083718,0.04722256644546720153991755184,0.0688326368210060836625320714,0.00608331276102576597069665748,0.03151146933359463821374059602,0.03323748903702007014191100578,0.4022972044023588120027538946,2.485724457085331521421549833
noreste,pooled_low_very_low,1560,0.3667416330443303954365500104,0.02138614214845763861224332917,0.06427046694870633375572089300,0.1309563889034875534183893509,0.06161089562746444270641363146,0.03800181336343215538277397751,0.1159466865085731577458932641,0.05093625834331137858854962813,0.07151391974286875320863518181,0.007434604001516917501844718561,0.03687298924741338705835741641,0.03432820212043789511310069267,0.3881277751927880340487933396,2.576471110585392142592039515
cuyo,equal_group_average,968,0.3253641316561497735856131296,0.02471116340927724513611553970,0.0695730883929394872246008521,0.1390518814470647186679377170,0.06046640147967122922179774515,0.06464782199301110882122890945,0.1287438727544621395533861959,0.04442324577428850649039436643,0.0710904747956472427608469831,0.008160064173718602017643885435,0.02945665962141050010854286826,0.03431119450235945550312804327,0.3500752950654270187217286693,2.856528335748759040816683463
cuyo,pooled_low_very_low,968,0.3041925427578403820927160535,0.02445631490213414746024611754,0.07256199948153843564698131588,0.1324652714111121130732354268,0.05485394646242847859400297988,0.06695116550362212141544853611,0.1371154031930854024462719828,0.04868319184954843643089376939,0.07717356517874025930462523893,0.01059421100700614872460567649,0.03392829856463090940175543349,0.03702408968831317718456687480,0.3286488576599745295529621710,3.042761222783912172410785666
patagonia,equal_group_average,1253,0.2952154813329299090532795576,0.02951050342957186469551250760,0.0787629964440606130115299595,0.1438668510977083986316648298,0.05168559881686056609900200035,0.04295955496548056467341151041,0.1509504259372617373427153114,0.05519378520812873325852867895,0.0756891952179193365827485427,0.004738238010973643866172333230,0.03167551840948428846442117636,0.03975185112962035429542306958,0.3247259847625017737487920652,3.079519493123965479149938467
patagonia,pooled_low_very_low,1253,0.2674376304717701481431374323,0.02649235820230575817337564963,0.08426970289979090639866385529,0.1528060549087588885800679308,0.05427546801969288884607406430,0.03753693167691425704222460437,0.1526976965888935899822288154,0.05919232689251334653287871378,0.07932547812231884650352025265,0.007362911831169939266361078728,0.03516254929801452906865494934,0.04344089108785690327906907478,0.2939299886740759063165130819,3.402170715928034846234572506
